id;descripcio;nogis;uso;nivel;N_patente;Nombre_comercio;Id_persona;Aprobacion;Categoria;Actividad ;Permiso_salud;Vigencia_p;Tipo_rotulo;Dimension;Rotulo;Provincia;Lic_licor;Codigo_act;Nogis_1;N_finca;F_real;Derecho;Direccion_;Filial;N_plano_ca;Tipo_persona;Distrito;Canton;Este;Norte;Longitud;Latitud
27329;CONDOMINIO PARQUE EMPRESARIAL FORUM I;343024000;COMERCIAL;3;207;BOLSA NACIONAL DE VALORES;15627;18/11/2004;COM;Actividad bursatil;3467-2019;26/4/2024 00:00;;0;SI;1;0;33;343024000;25418;;0;POZOS, PARQUE EMPRESARIAL FORUM # 1, FILIAL # 1-A-3.;F;1-1404377-2010;Juridica;POZOS;SANTA ANA;478921.67;1099624.77;9.94461;-84.19224
202;CONDOMINIO SANTA ANA DOS MIL;325201000;COMERCIAL;0;203;TELEDOLAR SANTA ANA;109055;25/10/2005;COM;Actividad bursatil;203;;;0;NO;1;0;327;325201000;14130;;0;CENTRO COMERCIAL SANTA ANA 2000, LOCAL # 43.;F;1-116210-1993;Juridica;POZOS;SANTA ANA;478977.37;1099464.41;9.94316;-84.19173
7762;PREDIO ORDINARIO;328156000;;0;173;BANCO HSBC;13520;26/4/1998;COM;Actividad bursatil;173;;;0;NO;1;0;603;328156000;605106;;2;POZOS, DIAGONAL AL DEPOSITO EL LAGAR.;;1-598412-1999;Juridica;POZOS;SANTA ANA;478807.12;1100190.58;9.94973;-84.19329
15077;CONDOMINIO VISTANA ESTE;311350001;CALLE PRIVADA;0;170;BAC SAN JOSE;8981;17/2/2003;COM;Actividad bursatil;170;;;0;NO;1;0;874;311350001;69880;;0;POZOS, CONDOMINIO VISTANA ESTE, FILIAL # 1-A.;F;1-1298730-2008;Juridica;POZOS;SANTA ANA;478730.03;1100579.56;9.95325;-84.19399
12746;PREDIO ORDINARIO;124017000;;0;22;AGRO SALITRE;5696;11/1/2006;COM;Agroquimicos;22;8/4/2018 00:00;;0;NO;1;0;48;124017000;125725;;0;SANTA ANA, CENTRO, DE RICESA 100 ESTE.;;1-370429-1979;Juridica;SANTA ANA;SANTA ANA;480224.5;1098150.86;9.93129;-84.18035
508;PREDIO ORDINARIO;121258000;;0;488;TALLER DE ARTESANIA;3260;13/10/1986;COM;Artesania;488;;;0;SI;1;0;0;121258000;305203;;5;COSTADO OESTE DE LA INTERSECCION DE AVENIDA 16  CON CALLE 11.;;1-437486-1981;Fisica;SANTA ANA;SANTA ANA;480558.85;1097471.24;9.92515;-84.1773
12114;PREDIO ORDINARIO;126168000;;0;717;DISENIOO EN MADERA;10108;16/2/2001;COM;Artesania;717;;;0;NO;1;0;76;126168000;334030;;8;SANTA ANA CENTRO, DE LA MUNICIPALIDAD, 250 OESTE.;;1-552033-1999;Fisica;SANTA ANA;SANTA ANA;479893.08;1098330.47;9.93292;-84.18337
2022;PREDIO ORDINARIO;405169000;;0;305;CERAMICA;11328;9/9/1991;COM;Artesania;305;30/4/2024 00:00;;0;SI;1;0;0;405169000;301376;;0;URUCA, DEL COLEGIO 115 NORTE Y 29 ESTE.;;1-845758-1989;Fisica;URUCA;SANTA ANA;478906.6;1098528.11;9.9347;-84.19237
1211;PREDIO ORDINARIO;115006000;;0;125;CERAMICA PAUL;15586;6/1/1992;COM;Artesania;125;;;0;NO;1;0;199;115006000;284975;;0;SANTA ANA, ALTO DE LAS PALOMAS, FRENTE AL HOTEL ALTA.;;1-78302-1992;Fisica;SANTA ANA;SANTA ANA;481630.65;1098280.48;9.93247;-84.16753
12103;PREDIO ORDINARIO;126224000;;0;575;CERAMICA SANTA ANA;17467;9/10/2000;COM;Artesania;575;;;0;NO;1;0;199;126224000;266606;;2;SANTA ANA, CENTRO, DEL BANCO POPULAR 350 OESTE.;;1-1209701-2008;Fisica;SANTA ANA;SANTA ANA;479802.68;1098291.32;9.93256;-84.1842
36229;PREDIO ORDINARIO;538330000;;0;725;CERAMICA KATTIA;15972;18/8/2021;COM;Artesania;725;;NL;0;SI;1;0;199;538330000;171511;;10;DE LA INTERSECCION DE RUTA NACIONAL 311 CON AVENIDA 46, 119 MTS. AL OESTE.;;1-1189678-2007;Fisica;SALITRAL;SANTA ANA;480205.17;1095816.27;9.91018;-84.18051
32909;PREDIO ORDINARIO;312050000;;0;420;BODEGA DISER S. A.;15790;5/5/1992;COM;Bodegas;420;;;0;NO;1;0;119;312050000;265612;;0;DE LA IGLESIA 172 NORTE Y 171 OESTE.;;1-392221-1980;Juridica;POZOS;SANTA ANA;479045.44;1100347.76;9.95115;-84.19111
33101;PREDIO ORDINARIO;314034002;;0;205;BODEGAS;7564;21/4/2004;COM;Bodegas;205;;;0;NO;1;0;0;314034002;266754;;0;POZOS, DEL HOGAR DE REHABILITACION 43 ESTE.;;1-1765060-2014;Juridica;POZOS;SANTA ANA;479138.13;1099995.61;9.94797;-84.19027
30411;PREDIO ORDINARIO;108226000;;0;84;INTERQUIN;928;26/3/2006;COM;Bodegas;84;;;0;NO;1;0;0;108226000;153395;;0;POZOS, DE LA CHISPA 420 ESTE Y 73 SUR.;;1-1968361-2017;Fisica;POZOS;SANTA ANA;480136.61;1099394.41;9.94254;-84.18116
24389;PREDIO ORDINARIO;302064000;BODEGA;0;358;BODEGAS;13238;15/6/2006;COM;Bodegas;358;;;0;NO;1;0;0;302064000;424979;;0;DE EMPAQUES SANTA ANA 200 ESTE Y 850 NOR-ESTE, BODEGAS DE MAS X MENOS;;1-788968-2002;Juridica;POZOS;SANTA ANA;479031.74;1102164.19;9.96757;-84.19125
13028;PREDIO ORDINARIO;315212000;;0;204;BODEGAS AMERICA;8862;13/11/2006;COM;Bodegas;204;;;0;NO;1;0;0;315212000;313389;;0;DE LA GUARDIA RURAL 255 ESTE.;;1-402014-1980;Juridica;POZOS;SANTA ANA;479674.77;1099935.95;9.94743;-84.18537
2336;PREDIO ORDINARIO;529028000;;0;627;ILPPAL;7597;10/11/1993;COM;Educativa;627;;;0;NO;1;0;227;529028000;123170;;1;PIEDADES, DE LA ENTRADA A CALLE CEBADILLA 75 ESTE.;;1-4064-1971;Juridica;PIEDADES;SANTA ANA;477734.88;1098048.7;9.93036;-84.20305
13065;PREDIO ORDINARIO;106170001;;0;363;SANTA ANA HIGHT SCOOL;100770;5/6/2002;COM;Educativa;363;;;0;NO;1;0;228;106170001;588007;;0;SANTA ANA, CENTRO, DE LA GUARIA 100 OESTE, 200 NORTE Y 25 OESTE.;;1-1144350-2007;Juridica;SANTA ANA;SANTA ANA;480037.61;1098666.48;9.93595;-84.18206
8529;PREDIO ORDINARIO;509054000;;0;275;SUN VALLEY SCHOOL S. A.;205195;4/8/1998;COM;Educativa;656-2013;8/11/2020 00:00;;0;NO;1;0;455;509054000;76451;;0;FRENTE A LA ENTRADA PRINCIPAL DE URBANIZACION  HACIENDA PARAISO.;;1-726888-1988;Juridica;PIEDADES;SANTA ANA;477381.24;1097886.12;9.92888;-84.20628
2452;PREDIO ORDINARIO;148005000;;0;676;CENTRO LINGUISTICO CONVER;108517;8/3/1994;COM;Educativa;676;;;0;NO;1;0;337;148005000;115088;;0;URUCA, DE LA ESCUELA LA MINA 400 NORTE Y 500 ESTE.;;1-2032252-2018;Juridica;URUCA;SANTA ANA;479010.1;1096424.67;9.91568;-84.19141
5110;URBANIZACION MATILDE CAVALLINI;132082000;HABITACIONAL;0;582;CEDIC;3774;20/3/2006;COM;Educativa;582;;;0;NO;1;0;342;132082000;183536;;0;SANTA ANA, CENTRO, COSTADO SUR DE LA PULPERIA EL ROBLE.;;1-684-1967;Fisica;SANTA ANA;SANTA ANA;479717.2;1098129.21;9.93109;-84.18497
2119;PREDIO ORDINARIO;533040000;;0;580;PEQUENIOS EN ACCION;3415;18/5/1992;COM;Educativa;;7/11/2017 00:00;;0;NO;1;0;453;533040000;225256;;0;URUCA, DE LA CRUZ ROJA 125 OESTE Y 300 SUR.;;1-848985-1989;Fisica;URUCA;SANTA ANA;479172.54;1098102.54;9.93085;-84.18994
3690;PREDIO ORDINARIO;127098000;;0;628;INTERNET CAFE DEL SOL;19059;4/9/2005;COM;Electronicos;628;;;0;SI;1;0;68;127098000;188929;;0;SANTA ANA, CENTRO, DE LA MUNICIPALIDAD 100 SUR.;;1-6967-1968;Juridica;SANTA ANA;SANTA ANA;480121.72;1098220.34;9.93192;-84.18129
8578;PREDIO ORDINARIO;312005000;;0;421;DISTRIBUIDORA ARROCERA TIO PELON;15470;4/8/1998;COM;Fabricas;421;;;0;NO;1;0;298;312005000;482593;;0;POZOS, DE LA IGLESIA 325 NORTE.;;1-377140-1997;Juridica;POZOS;SANTA ANA;479063.05;1100478.82;9.95234;-84.19095
13022;PREDIO ORDINARIO;315229000;;0;334;COMERCIAL POZOS DE SANTA ANA;17422;20/5/2002;COM;Fabricas;334;;;0;NO;1;0;300;315229000;457979;;0;POZOS, DE LA ESCUELA REPUBLICA DE FRANCIA 120 NORTE.;;1-825403-1989;Juridica;POZOS;SANTA ANA;479322.62;1100050.23;9.94846;-84.18858
11137;PREDIO ORDINARIO;315095000;;0;559;EL PASTERO CENTRO PASTAS;108819;4/1/2000;COM;Fabricas;559;;;0;NO;1;0;316;315095000;602462;;1;POZOS, DE LA IGLESIA 100 NORTE Y 150 ESTE.;;1-1339669-2009;Juridica;POZOS;SANTA ANA;479375.94;1100234.89;9.95013;-84.1881
28961;PREDIO ORDINARIO;534178000;;0;90;GRANJA ARAMA;3530;27/4/2007;COM;Fabricas;90;;;0;SI;1;0;373;534178000;307834;;0;URUCA, DE LA CRUZ ROJA 166 OESTE.;;1-1554499-2012;Fisica;URUCA;SANTA ANA;479163.7;1098323.96;9.93285;-84.19002
32614;PREDIO ORDINARIO;323240000;;0;622;PLASTICO TICO;100853;4/8/2008;COM;Fabricas;CS-ARS-SA-527-2014;30/6/2019 00:00;;0;NO;1;0;374;323240000;317085;;0;POZOS, DE LA CRUZ ROJA 500 NORTE.;;1-806290-1989;Juridica;POZOS;SANTA ANA;479243.7;1099347.21;9.94211;-84.1893
8589;PREDIO ORDINARIO;312060004;;0;252;CANDELAS FLORI;15636;6/10/1998;COM;Fabricas;252;;NL;0;SI;1;0;379;312060004;627647;;0;POZOS, DE LA IGLESIA 100 NORTE, 125 OESTE y 50 SUR.;;1-1494806-2011;Juridica;POZOS;SANTA ANA;479067.77;1100243.34;9.95021;-84.19091
8016;PREDIO ORDINARIO;335010000;;0;422;DIST. DE HARINAS CENTROAMERICA;15797;26/5/1998;COM;Fabricas;422;;;0;NO;1;0;381;335010000;383449;;0;POZOS, RADIAL SANTA ANA - BELEN, DE LA GASOLINERA TEXACO 50 NORTE, FRENTE A EMPAQUES SANTA ANA.;;1-887556-2003;Juridica;POZOS;SANTA ANA;478285.54;1101497.74;9.96154;-84.19805
8318;PREDIO ORDINARIO;302008000;;0;343;CONCRETO INDUSTRIAL;8274;4/2/1991;COM;Fabricas;343;;;0;NO;1;0;378;302008000;272132;;0;POZOS, DE LAS BODEGAS DE MAS X MENOS 690 NOR-ESTE.;;1-298680-1978;Juridica;POZOS;SANTA ANA;479526.47;1102403.37;9.96974;-84.18674
7088;PREDIO ORDINARIO;207012000;;0;130;MAUCO;8490;27/1/1998;COM;Fabricas;0422-2018;1/3/2023 00:00;;0;NO;1;0;380;207012000;614342;;0;PIEDADES, DE LA ENTRADA A BARRIO LOS ANGELES 300 ESTE.;;1-1428479-2010;Juridica;PIEDADES;SANTA ANA;476253.17;1098953;9.93852;-84.21657
3021;PREDIO ORDINARIO;503132000;;0;411;DEPOSITO HERMANOS MORA;100301;2/11/2007;COM;Ferreteria;411;;;0;NO;1;0;277;503132000;507978;;0;PIEDADES, DEL BAR LA PARADA 252 NORTE, DEPOSITO HNOS MORA.;;1-990177-1991;Juridica;PIEDADES;SANTA ANA;475901.98;1098037.34;9.93024;-84.21977
1628;PREDIO ORDINARIO;127037000;;0;299;CENTRO DE PINTURAS MACHO;109990;10/3/1992;COM;Ferreteria;299;;;0;NO;1;0;717;127037000;314937;;0;SANTA ANA, CENTRO, DEL BANCO POPULAR 250 OESTE.;;1-648929-1986;Juridica;SANTA ANA;SANTA ANA;479913.22;1098240.94;9.93211;-84.18319
11325;PREDIO ORDINARIO;322045000;;0;465;EXPOCERAMICA;15805;18/1/2000;COM;Ferreteria;465;;;0;NO;1;0;1019;322045000;279189;;0;POZOS, COSTADO OESTE DE LA ANTIGUA BLOQUERA.;;1-314910-1978;Juridica;POZOS;SANTA ANA;479829.04;1099809.91;9.94629;-84.18396
35542;PREDIO ORDINARIO;538107000;;0;720;LA CASA DEL AZULEJO;15978;14/8/2010;COM;Ferreteria;720;;;0;SI;1;0;1019;538107000;118815;;14;DE LA INTERSECCION DE RUTA NACIONAL 311 CON AVENIDA 46, 66 MTS. AL OESTE.;;NO SE INDICA;Fisica;SALITRAL;SANTA ANA;480319.73;1095929.29;9.91121;-84.17947
5686;PREDIO ORDINARIO;540148000;;0;713;CERAMICA;1648;27/5/1997;COM;Ferreteria;713;;;0;SI;1;0;1030;540148000;208987;;0;FRENTE A LA INTERSECCION DE AVENIDA 06 CON CALLE 06.;;1-217757-1994;Fisica;SANTA ANA;SANTA ANA;479812.92;1097958.74;9.92955;-84.1841
7624;URBANIZACION VALLE DEL SOL;114034000;HABITACIONAL;0;442;CEBOLLA VERDE;113563;21/4/1998;COM;Gastronomia;080-2010;26/3/2010 00:00;;0;NO;1;117;104;114034000;226535;;0;COSTADO NORTE DE LA INTERSECCION DE RUTA NACIONAL 121 CON CALLE 23. BAR-RESTAURANTE CEBOLLA VERDE.;;NO SE INDICA;Juridica;SANTA ANA;SANTA ANA;481467.3;1098238.24;9.93209;-84.16901
18546;PREDIO ORDINARIO;533130000;;0;231;RANCHO DE MACHO;108473;22/7/2003;COM;Gastronomia;231;;NL;0;SI;1;61;97;533130000;384716;;0;URUCA, ANTIGUO RANCHO DE MACHO.;;1-702688-1987;Juridica;URUCA;SANTA ANA;478932.75;1097746.26;9.92763;-84.19213
30278;PREDIO ORDINARIO;124023000;;0;285;BAR Y RESTAURANTE EL COCO;113540;2/2/2006;COM;Gastronomia;285;;;0;NO;1;66;0;124023000;300863;;0;SANTA ANA, CENTRO, COSTADO ESTE DE RICESA, BAR-RESTAURANTE EL COCO.;;1-444052-1981;Juridica;SANTA ANA;SANTA ANA;480169.82;1098158.27;9.93136;-84.18085
27912;PREDIO ORDINARIO;168017000;;0;287;4 x 4;205819;4/3/2009;COM;Gastronomia;287;11/2/2020 00:00;;0;NO;1;446;0;168017000;208544;;0;BAR-RESTAURANTE TARGUA 4 X 4.;;NO SE INDICA;Juridica;SALITRAL;SANTA ANA;479307.19;1093790.38;9.89186;-84.18869
30991;PREDIO ORDINARIO;510040000;;0;326;CLUB HIPICO LA CARANA;5440;8/8/2008;COM;Gastronomia;326;;;0;NO;1;0;226;510040000;639375;;0;PIEDADES, DE MEGA SUPER 1.753 OESTE.;;1-1664984-2013;Juridica;PIEDADES;SANTA ANA;477203.91;1098721.85;9.93644;-84.2079
15039;CONDOMINIO VISTANA OESTE;328150019;COMERCIAL;0;72;POPS;19939;7/1/2003;COM;Gastronomia;CS-ARS-SA-352-2015;6/8/2015 00:00;;0;NO;1;0;418;328150019;57943;;0;POZOS, CONDOMINIO VISTANA OESTE, FILIAL # 19.;F;1-1234025-2007;Juridica;POZOS;SANTA ANA;478780.37;1100278.8;9.95053;-84.19353
2233;PREDIO ORDINARIO;529238000;;0;196;PANADERIA RIO ORO;20884;27/6/1992;COM;Gastronomia;196;23/9/2020 00:00;;0;SI;1;0;702;529238000;410528;;1;URUCA, COSTADO OESTE DEL ABASTECEDOR RIO ORO.;;1-663355-1986;Fisica;URUCA;SANTA ANA;477985.22;1098289.48;9.93253;-84.20077
22727;CONDOMINIO PARQUE EMPRESARIAL FORUM I;344128000;COMERCIAL;1;398;DA PATRIZIO & LUIGI RISTORANTE;17246;18/6/2004;COM;Gastronomia;398;;;0;NO;1;0;774;344128000;24215;;0;POZOS, PARQUE EMPRESARIAL FORUM # 2, FILIAL # 3-P.;F;1-698723-2001;Juridica;POZOS;SANTA ANA;478659.22;1099587.63;9.94428;-84.19463
844;PREDIO ORDINARIO;314084000;;0;372;ROSTI POLLOS;100775;24/8/2005;COM;Gastronomia;372;;;0;NO;1;104;774;314084000;485950;;0;POZOS, DE LA CURZ ROJA 1.315 NORTE.;;1-682541-2001;Juridica;POZOS;SANTA ANA;479137.69;1099774.97;9.94597;-84.19027
12164;PREDIO ORDINARIO;110024000;;0;3;TRIBECA;21715;26/6/2001;COM;Gastronomia;3;7/2/2021 00:00;;0;NO;1;0;795;110024000;130982;;0;SANTA ANA, CENTRO, DE LA GUARIA 500 ESTE.;;1-23606-1955;Juridica;SANTA ANA;SANTA ANA;480641.47;1098440.39;9.93391;-84.17655
3674;PREDIO ORDINARIO;127009000;;0;647;SODA CHELY;658;9/8/1994;COM;Gastronomia;647;;;0;SI;1;0;899;127009000;114317;;0;DEL BANCO POPULAR, 400 OESTE Y 25 SUR.;;1-359181-1979;Fisica;SANTA ANA;SANTA ANA;479768.16;1098242.2;9.93212;-84.18451
5392;PREDIO ORDINARIO;312092000;;0;53;SODA DIANA;7015;22/4/1997;COM;Gastronomia;53;;;0;NO;1;0;899;312092000;308419;;2;POZOS, COSTADO ESTE DEL SALON COMUNAL.;;1-1447508-2010;Fisica;POZOS;SANTA ANA;479146.72;1100235.05;9.95013;-84.19019
29404;PREDIO ORDINARIO;105166000;;0;34;QUIOSCO ANA;101764;14/6/2005;COM;Gastronomia;34;;;0;NO;1;0;899;105166000;139376;;2;POZOS, DE LA CHISPA 150 ESTE.;;1-959042-2004;Fisica;POZOS;SANTA ANA;479859.82;1099456.4;9.9431;-84.18368
29578;PREDIO ORDINARIO;169005000;;0;77;LA ESQUINA;2673;12/8/2005;COM;Gastronomia;CS-ARS-SA-231-15;10/6/2019 00:00;;0;NO;1;0;0;169005000;58049;;0;SALITRAL, COSTADO SUR DE LA GUARDIA RURAL.;;NO SE INDICA;Fisica;SANTA ANA;SANTA ANA;480459.45;1095688.22;9.90903;-84.17819
37930;PREDIO ORDINARIO;322246000;;0;540;SODA EL TUNEL;2500;6/8/2014;COM;Gastronomia;540;;NL;0;SI;1;0;899;322246000;238655;;0;POZOS, DE LA GUARDIA RURAL, 130 SUR.;;1-1324420-2009;Fisica;POZOS;SANTA ANA;479486.03;1099708;9.94537;-84.18709
31947;PREDIO ORDINARIO;314080000;;0;613;CONFORT HOTEL REAL COSTA RICA;12347;5/2/2007;COM;Hotel;613;;;0;NO;1;103;421;314080000;515451;;0;POZOS, CONTIGUO A PIZZA HUT, HOTEL CONFORT.;;1-682542-2001;Juridica;POZOS;SANTA ANA;479134.53;1099719.72;9.94547;-84.1903
12700;URBANIZACION VALLE DEL SOL;114060000;HABITACIONAL;0;612;HOTEL ALTA;199646;4/12/2001;COM;Hotel;CS-ARS-SA-182-15;12/3/2020 00:00;;0;NO;1;118;427;114060000;132969;;0;DEL BAR-RESTAURANTE CEBOLLA VERDE 200 ESTE, HOTEL ALTA.;;1-110039-1993;Juridica;SANTA ANA;SANTA ANA;481633.41;1098373.54;9.93331;-84.1675
12088;PREDIO ORDINARIO;126911000;;0;381;SUCURSAL DE CORREOS SANTA ANA;12284;26/9/2000;COM;Institucional;381;;;0;NO;1;0;268;126911000;296342;;0;SANTA ANA, CENTRO, DE LA MUNICIPALIDAD 25 OESTE.;;1-336253-1979;Juridica;SANTA ANA;SANTA ANA;480120.54;1098352.86;9.93312;-84.1813
36244;PREDIO ORDINARIO;501046000;;0;509;SWISS TRAVEL SERVICE;15898;8/4/2021;COM;Oficinas;509;;;0;NO;1;0;630;501046000;591458;;0;BRASIL, DEL RESTAURANTE LA OVEJA NEGRA 500 OESTE, SWISS TRAVEL.;;1-1305398-2008;Fisica;BRASIL;SANTA ANA;475228.25;1098293.31;9.93255;-84.22591
25678;CONDOMINIO PARQUE EMPRESARIAL FORUM I;340116000;COMERCIAL;2;397;CYBERFUEL S. A.;100787;18/9/2004;COM;Oficinas;407-2018;30/7/2023 00:00;;0;NO;1;397;0;340116000;26980;;0;PARQUE EMPRESARIAL FORUM # 1, FILIAL # 1-B-2.;F;NO SE INDICA;Juridica;POZOS;SANTA ANA;478613.12;1099684.92;9.94516;-84.19505
27198;CONDOMINIO PARQUE EMPRESARIAL FORUM I;344092000;COMERCIAL;3;295;CHIQUITA BRAND;18436;8/11/2004;COM;Oficinas;295;;;0;SI;1;0;656;344092000;24179;;0;POZOS, PARQUE EMPRESARIAL FORUM # 1, FILIAL # 6-C-3.;F;1-658987-2000;Juridica;POZOS;SANTA ANA;478669.63;1099633.56;9.94469;-84.19454
13123;CONDOMINIO PARQUE INDUSTRIAL DEL OESTE;207010004;INDUSTRIAL;0;297;CENTROCEL;15651;4/8/2002;COM;Oficinas;297;;;0;NO;1;0;685;207010004;30479;;0;PIEDADES, CONDOMINIO PARQUE INDUSTRIAL DEL OESTE, FILIAL # 4;F;1-738646-2001;Juridica;PIEDADES;SANTA ANA;476328.52;1098905.15;9.93809;-84.21588
22692;CONDOMINIO PARQUE EMPRESARIAL FORUM I;344014000;COMERCIAL;1;109;ARQUITECTURA DANIEL LACAYO;17606;4/6/2004;COM;Otro;109;;;0;NO;1;0;72;344014000;24101;;0;POZOS, PARQUE EMPRESARIAL FORUM # 1, FILIAL # 3-A-1.;F;1-595378-1999;Juridica;POZOS;SANTA ANA;478709.25;1099585.66;9.94426;-84.19417
28395;PREDIO ORDINARIO;312094000;;0;122;SALON COMUNAL;15606;9/5/2021;COM;Otro;122;;;0;SI;1;0;86;312094000;239037;;0;COSTADO NORTE DE LA PLAZA;;1-642475-1986;Juridica;POZOS;SANTA ANA;479118.67;1100216.24;9.94996;-84.19044
38036;PREDIO ORDINARIO;102034000;;0;341;FURATI;109547;1/12/2017;COM;Deportiva;341;;;0;NO;1;0;0;102034000;583785;;0;DE LA INTERSECCION DE RUTA NACIONAL 310 CON AVENIDA 07, 26 MTS. AL NORTE. FURATI.;;1-1146852-2007;Juridica;SANTA ANA;SANTA ANA;479678.31;1098706.07;9.93631;-84.18533
7454;PREDIO ORDINARIO;206028000;;0;178;LITOIMPRESO MUNDIAL;1118;24/2/1998;COM;Otro;178;;;0;SI;1;0;439;206028000;232700;;0;BRASIL,  DE LA ENTRADA PRINCIPAL A BARRIO LOS ANGELES, 25 NORTE.;;NO SE INDICA;Fisica;BRASIL;SANTA ANA;475828.58;1098844.16;9.93754;-84.22044
4103;PREDIO ORDINARIO;503265000;;0;117;ARTAVIA ROTULACION;101782;3/8/1995;COM;Otro;117;;;0;SI;1;0;801;503265000;489170;;2;PIEDADES, DEL BAR LA PARADA 855 NOR-OESTE.;;1-681176-1987;Fisica;PIEDADES;SANTA ANA;475692.51;1098573.1;9.93509;-84.22168
30528;URBANIZACION PARQUE VALLE DEL SOL;330399000;AREA COMUN;0;413;HABITASUL S. A.;5808;20/9/2006;COM;Otro;413;;;0;NO;1;51;1244;330399000;544156;;0;POZOS, URBANIZACION PARQUE VALLE DEL SOL, CAMPO DE GOLF.;;1-892362-2003;Juridica;POZOS;SANTA ANA;476668.35;1100089.55;9.9488;-84.21279
8775;PREDIO ORDINARIO;327036000;;0;339;COMPANIA MERCANTIL;113689;1/6/1999;COM;Repuestos;339;;;0;SI;1;0;234;327036000;498178;;0;POZOS, DEL HOTEL CONFORT 264 NORTE.;;1-749463-2001;Juridica;POZOS;SANTA ANA;478888.37;1099922.07;9.9473;-84.19254
12029;PREDIO ORDINARIO;126338000;;0;127;AUTO CENTRO SANTA ANA;15585;25/7/2000;COM;Repuestos;127;;;0;NO;1;0;494;126338000;165302;;3;SANTA ANA, CENTRO, DE LA GUARIA 200 OESTE Y 75 NORTE.;;1-3531-1976;Juridica;SANTA ANA;SANTA ANA;479989.14;1098518.8;9.93462;-84.1825
11549;PREDIO ORDINARIO;105002000;;0;272;CASTRO CAMIONES Y REPUESTOS;8401;4/5/2000;COM;Repuestos;272;;;0;SI;1;0;1007;105002000;409743;;0;SANTA ANA, CENTRO, DE FURATI 578 NORTE.;;1-705519-1987;Juridica;SANTA ANA;SANTA ANA;479761.51;1099281.45;9.94151;-84.18458
11578;PREDIO ORDINARIO;101036000;;0;419;BOMBA TOTAL SANTA ANA;13055;16/5/2000;COM;Repuestos;01-0060-2020;4/5/2025 00:00;;0;NO;1;0;349;101036000;383630;;0;SANTA ANA, CENTRO, COSTADO NORTE DE LA CRUZ ROJA, BOMBA TOTAL.;;1-572759-1999;Juridica;SANTA ANA;SANTA ANA;479349.26;1098469.17;9.93417;-84.18833
8677;PREDIO ORDINARIO;312200000;;0;522;ROLTEC;3609;31/10/2013;COM;Repuestos;522;;;0;SI;1;0;1220;312200000;343964;;0;POZOS, DEL HOGAR DE REHABILITACION 87 OESTE.;;1-594448-1985;Fisica;POZOS;SANTA ANA;479012.31;1100102.02;9.94893;-84.19141
29318;PREDIO ORDINARIO;121075000;;0;643;JCHA DE SANTA ANA;15954;10/3/2005;COM;Repuestos;643;15/4/2022 00:00;;0;NO;1;0;1219;121075000;560559;;0;DE LA INTERSECCION DE RUTA NACIONAL 311 CON AVENIDA 02, 227 MTS. AL ESTE.;;1-865527-2003;Juridica;SANTA ANA;SANTA ANA;480667.03;1097999.4;9.92993;-84.17631
2348;PREDIO ORDINARIO;124146000;;0;692;BARBERIA  MODESTO;7482;2/2/1993;COM;Salon de belleza / Barberia;692;;;0;SI;1;0;107;124146000;618585;;0;SANTA ANA, CENTRO, DE LA MUNICIPALIDAD 200 SUR. NOTA: REUNION FINCAS: 078259-000 (124-146-000) Y 110757-000 (124-147-000);;1-1470785-2011;Fisica;SANTA ANA;SANTA ANA;480147.44;1098109.52;9.93092;-84.18105
14194;PREDIO ORDINARIO;124002000;;0;694;PELUQUERIA HEBERT;5118;1/12/2002;COM;Salon de belleza / Barberia;694;;;0;NO;1;0;712;124002000;525707;;0;SANTA ANA, CENTRO, DE LA MUNICIPALIDAD 100 SUR.;;1-656849-1986;Fisica;SANTA ANA;SANTA ANA;480163.22;1098198.34;9.93172;-84.18091
9775;PREDIO ORDINARIO;305009000;;0;291;SALA DE BELLEZA ADRIANA;15642;20/7/1999;COM;Salon de belleza / Barberia;291;;;0;SI;1;0;0;305009000;204669;;0;POZOS, DEL ANTIGUO BAR JENNY 100 OESTE Y 100 NORTE.;;1-771648-2002;Fisica;PIEDADES;SANTA ANA;478976.16;1101680.84;9.9632;-84.19175
10429;PREDIO ORDINARIO;310138001;;0;457;TRUKOS STYLE;15808;23/10/1999;COM;Salon de belleza / Barberia;457;;;0;SI;1;0;0;310138001;253304;;0;POZOS, DE LA IGLESIA 650 NORTE.;;1-1568785-2012;Fisica;POZOS;SANTA ANA;479156.34;1100853.88;9.95573;-84.1901
11126;PREDIO ORDINARIO;313005000;;0;67;SALA DE BELLEZA MARIA;17965;7/12/1999;COM;Salon de belleza / Barberia;67;;;0;NO;1;0;0;313005000;496355;;1;POZOS, DE LA IGLESIA 395 NORTE.;;1-161737-1994;Fisica;POZOS;SANTA ANA;479209.17;1100574.46;9.9532;-84.18962
12054;PREDIO ORDINARIO;126134000;;0;708;PELUQUERIA HAIR TECH;18769;4/8/2000;COM;Salon de belleza / Barberia;708;;NL;0;NO;1;0;805;126134000;125154;;0;SANTA ANA, CENTRO, DE LA MUNICIPALIDAD 100 NORTE.;;1-1557743-2012;Fisica;POZOS;SANTA ANA;480141.52;1098449.7;9.93399;-84.18111
2089;PREDIO ORDINARIO;530104000;;0;246;SALON DE BELLEZA TITI;17048;24/3/2006;COM;Salon de belleza / Barberia;014-2020;8/1/2025 00:00;;0;SI;1;0;803;530104000;484653;;0;COSTADO SUR DE LA INTERSECCION DE AVENIDA 00 CON CALLE 28. CALLE TITI.;;1-339282-1996;Fisica;URUCA;SANTA ANA;478737.44;1098174.61;9.9315;-84.19391
11840;PREDIO ORDINARIO;102010000;;0;462;SALON IRIABEL;3867;17/2/2018;COM;Salon de belleza / Barberia;462;;;0;SI;1;0;0;102010000;292986;;2;SANTA ANA, DE LA ENTRADA A CALLE PORTACELLI 100 m OESTE.;;1-686966-1987;Fisica;SANTA ANA;SANTA ANA;479675.79;1098884.04;9.93792;-84.18536
1406;CONDOMINIO PLAZA SANTA ANA EXPRESS;128004002;COMERCIAL;0;471;FARMACIA FISCHEL;107362;3/2/1992;COM;Salud;471;;;0;NO;1;0;389;128004002;56951;;0;SANTA ANA CENTRO, COSTADO ESTE DE LA CRUZ ROJA, COND. PLAZA EXPRESS, FILIAL # 2;F;1-1127084-2007;Juridica;SANTA ANA;SANTA ANA;479384.98;1098401.91;9.93356;-84.18801
5280;PREDIO ORDINARIO;311356000;;0;472;FARMACIA FISCHEL;107362;24/9/1996;COM;Salud;CS-ARS-SA-286-2014;18/8/2015 00:00;;0;NO;1;0;389;311356000;571952;;0;POZOS, DE MATRA 307 NORTE, AUTOMERCADO.;;1-1021901-2005;Juridica;POZOS;SANTA ANA;478733.66;1100670.8;9.95407;-84.19396
350;PREDIO ORDINARIO;200099000;;0;48;REPUESTOS RANDALL;13471;13/3/1985;COM;Talleres;2;13/10/1987 00:00;;0;NO;1;0;203;200099000;320398;;0;BRASIL, DE SWISS TRAVEL 761 OESTE.;;1-1707942-2013;Fisica;BRASIL;SANTA ANA;474495.78;1098481.27;9.93425;-84.2326
10872;PREDIO ORDINARIO;322057000;;0;536;MUEBLES MIGUEL;7533;2/12/1999;COM;Talleres;536;;NL;0;SI;1;0;309;322057000;457602;;0;POZOS, DE LA CHISPA 355 NORTE Y 237 ESTE.;;1-393578-1997;Fisica;POZOS;SANTA ANA;479724.28;1099736.16;9.94562;-84.18492
2542;PREDIO ORDINARIO;537018000;;0;514;EBANISTERIA MIGUEL;13880;20/3/2006;COM;Talleres;514;;;0;SI;1;0;309;537018000;287791;;0;URUCA, DE LA INTERSECCION DE AVENIDA 06A CON CALLE 20, 432 MTS. SUR.;;1-361862-1979;Fisica;URUCA;SANTA ANA;479635.95;1097387.11;9.92438;-84.18571
1028;PREDIO ORDINARIO;124160000;;0;414;SERVICIOS ELECTRONICOS DIAZ;200897;1/7/1991;COM;Talleres;414;;;0;NO;1;0;0;124160000;350828;;0;SANTA ANA, CENTRO, DE AGROSALITRE 60 SUR.;;1-719936-1987;Juridica;SANTA ANA;SANTA ANA;480203.56;1098057.75;9.93045;-84.18054
8740;PREDIO ORDINARIO;314044000;;0;101;H Y J;101779;23/2/1999;COM;Talleres;101;;;0;NO;1;0;916;314044000;105582;;0;POZOS, DE LA ESCUELA REPUBLICA DE FRANCIA 115 NORTE.;;1-53136-1992;Fisica;POZOS;SANTA ANA;479260.02;1100044.67;9.94841;-84.18915
9773;PREDIO ORDINARIO;305039000;;0;683;LA CHUSPA;5529;29/7/1999;COM;Talleres;683;;;0;NO;1;0;917;305039000;101364;;0;POZOS, COSTADO NORTE DE HULES TECNICOS, (LA CHUSPA);;1-720350-1987;Juridica;POZOS;SANTA ANA;478930.94;1101595.46;9.96243;-84.19216
8680;PREDIO ORDINARIO;502094000;;0;50;TALLER  VILLARREAL;3722;16/2/1999;COM;Talleres;50;;;0;NO;1;0;920;502094000;562908;;0;DEL CEMENTERIO 122 ESTE.;;1-865350-2003;Fisica;PIEDADES;SANTA ANA;475968.51;1097774.69;9.92787;-84.21916
877;PREDIO ORDINARIO;112015000;;0;212;TALLER BRANDT;101805;7/1/1990;COM;Talleres;212;;;0;SI;1;0;929;112015000;583818;;0;SANTA ANA, CENTRO, DE LA GUARIA 500 ESTE.;;1-1097325-2006;Fisica;SANTA ANA;SANTA ANA;480637.54;1098376.52;9.93334;-84.17658
20101;PREDIO ORDINARIO;322176000;;0;83;TALLER;928;12/11/2003;COM;Talleres;83;;;0;NO;1;0;0;322176000;271862;;0;POZOS, CENTRO COMERCIAL LA CHISPA.;;1-866853-2003;Fisica;POZOS;SANTA ANA;479711.61;1099477.52;9.94329;-84.18503
6805;PREDIO ORDINARIO;312176000;;0;92;ELECTRONICA ROYKA;101774;1/1/1998;COM;Talleres;92;;;0;NO;1;0;938;312176000;293560;;0;POZOS, COSTADO SUR DE LA IGLESIA.;;1-564808-1984;Fisica;POZOS;SANTA ANA;479204.08;1100091.63;9.94884;-84.18966
7415;PREDIO ORDINARIO;204020000;;0;28;TALLER CARAMELO;4304;27/1/1998;COM;Talleres;28;;;0;SI;1;0;0;204020000;194716;;0;BRASIL, 100 MTS AL ESTE DE LA ESCUELA DE BRASIL.;;1-618557-1986;Fisica;BRASIL;SANTA ANA;475499.01;1098644.63;9.93573;-84.22345
8929;PREDIO ORDINARIO;200025000;;0;43;TALLER AGUILAR;101767;4/6/1999;COM;Talleres;43;;;0;NO;1;0;948;200025000;510573;;0;BRASIL, DE LA ENTRADA A CALLE COPEY 132 NOR-OESTE.;;1-649356-2000;Fisica;BRASIL;SANTA ANA;473881.05;1098436.87;9.93384;-84.2382
472;PREDIO ORDINARIO;121152000;;0;466;TALLER DEL VALLE;2269;12/3/1986;COM;Talleres;466;;;0;NO;1;0;949;121152000;417692;;0;DE LA INTERSECCION DE AVENIDA 06 CON CALLE 11, 77 MTS. AL OESTE.;;1-961751-1991;Fisica;SANTA ANA;SANTA ANA;480651.31;1097866.59;9.92872;-84.17645
1013;PREDIO ORDINARIO;535125000;;0;577;TALLER HERNANDEZ;15921;1/4/1991;COM;Talleres;577;;;0;NO;1;0;0;535125000;209832;;1;DEL ABASTECEDOR RIO ORO 800 SUR.;;1-31728-1977;Fisica;URUCA;SANTA ANA;478130.78;1097582.33;9.92614;-84.19944
12912;PREDIO ORDINARIO;313012000;;0;624;GONZACA;5702;2/4/2002;COM;Talleres;624;;NL;0;SI;1;0;949;313012000;11379;;8;DE LA IGLESIA 500 NORTE.;;1-0104936-1961;Juridica;POZOS;SANTA ANA;479195.13;1100668.57;9.95405;-84.18975
12791;PREDIO ORDINARIO;128142000;;0;555;TALLER JORGE GUERRERO;108011;18/3/2002;COM;Talleres;555;;;0;NO;1;0;955;128142000;349141;;0;SANTA ANA, CENTRO, DE LA PULPERIA EL ROBLE 147 OESTE.;;1-586343-1985;Fisica;SANTA ANA;SANTA ANA;479585.09;1098207.99;9.93181;-84.18618
2299;PREDIO ORDINARIO;529112000;;0;686;LABORATORIO HERRERA;15965;13/10/1992;COM;Tienda / Zapateria;686;;;0;NO;1;0;715;529112000;115092;;0;DE LA PULPERIA LA MINA DE ORO 57 OESTE.;;1-353312-1979;Juridica;URUCA;SANTA ANA;477726.66;1098113.56;9.93094;-84.20313
10507;PREDIO ORDINARIO;521070000;;0;458;ZAPATERIA GENESIS;15799;2/11/1999;COM;Tienda / Zapateria;458;;;0;SI;1;0;1315;521070000;536545;;0;DEL BAR LA PARADA 125 OESTE.;;1-848472-2003;Fisica;PIEDADES;SANTA ANA;476027.44;1097737.44;9.92753;-84.21862
23508;CONDOMINIO VISTANA OESTE;328150010;COMERCIAL;0;248;FLEXI;19500;1/9/2004;COM;Tienda / Zapateria;CS-ARS-SA-354-2010;6/8/2015 00:00;;0;NO;1;0;1315;328150010;57934;;0;POZOS, CONDOMINIO VISTANA OESTE, FILIAL # 10.;F;1-1171975-2007;Juridica;POZOS;SANTA ANA;478710.29;1100338.95;9.95107;-84.19417
21783;PREDIO ORDINARIO;148309001;;0;448;TRANSPORTES SANTA ANA;101881;22/3/2004;COM;Transportes;448;;;0;SI;1;0;1004;148309001;365870;;0;PIEDADES. CALLE CEBADILLA. DE LA IGLESIA DE LA CEBADILLA 320 SUR.;;1-1855910-2015;Juridica;PIEDADES;SANTA ANA;478272.76;1097024.19;9.9211;-84.19814
12585;PREDIO ORDINARIO;128014000;;0;320;COMERCIAL ANGIE;6876;27/11/2001;COM;Vehiculos;320;;;0;SI;1;0;30;128014000;307202;;2;SANTA ANA, CENTRO, DE LA CRUZ ROJA 89 SUR-ESTE.;;1-1833171-2015;Fisica;SANTA ANA;SANTA ANA;479421.67;1098375.87;9.93332;-84.18767
13196;PREDIO ORDINARIO;170127000;;0;356;LA UNICA;108293;11/11/2002;COM;Venta de abarrrotes;356;;;0;SI;1;0;17;170127000;40082;;7;SALITRAL, MATINILLA;;NO SE INDICA;Juridica;SALITRAL;SANTA ANA;481174.74;1093514.25;9.88937;-84.17166
5049;PREDIO ORDINARIO;504100001;;0;255;CENTRO DE CARNES PIEDADES;205511;2/7/1996;COM;Venta de abarrrotes;070230-01;10/7/2020 00:00;;0;SI;1;0;157;504100001;164657;;5;PIEDADES, DE LA ESCUELA EZEQUIEL MORALES 92 OESTE.;;1-678914-1987;Fisica;PIEDADES;SANTA ANA;476125.24;1097882.77;9.92885;-84.21773
6205;CONDOMINIO VISTANA ESTE;311350010;COMERCIAL;0;436;CARNES DON FERNANDO;116905;5/11/1997;COM;Venta de abarrrotes;CVO-094277-01;5/8/2015 00:00;;0;NO;1;151;157;311350010;69889;;0;POZOS, CONDOMINIO  VISTANA ESTE, FILIAL # 7-C.;F;1-1296848-2008;Juridica;POZOS;SANTA ANA;478777.07;1100567.04;9.95313;-84.19356
2350;PREDIO ORDINARIO;124153000;;0;569;MINISUPER MAGU;9149;16/3/1993;COM;Venta de abarrrotes;139-05;29/6/2010 00:00;;0;NO;1;278;0;124153000;90928;;0;SANTA ANA, CENTRO, DE RICESA 75 ESTE.;;1-21889-1975;Fisica;SANTA ANA;SANTA ANA;480202.21;1098107.22;9.9309;-84.18055
2398;PREDIO ORDINARIO;124166000;;0;476;COOPEBELEMITA;112688;22/2/1994;COM;Venta de abarrrotes;476;;;0;NO;1;476;0;124166000;115567;;0;SANTA ANA, CENTRO, DE RICESA 100 SUR.;;1-9954-1971;Juridica;SANTA ANA;SANTA ANA;480150.82;1098051.32;9.93039;-84.18102
2697;PREDIO ORDINARIO;537218000;;0;106;LA PALMA;16278;15/5/1994;COM;Venta de abarrrotes;106;31/1/2022 00:00;;0;NO;1;337;531;537218000;381436;;0;DE LA INTERSECCION DE RUTA NACIONAL 311 CO AVENIDA 24, 165 MTS. AL SUR. MINISUPER LA PALMA.;;1-703923-1987;Fisica;SALITRAL;SANTA ANA;480224.82;1096828.25;9.91933;-84.18034
3713;PREDIO ORDINARIO;127114000;;0;486;LICORERA LA BRUJA;15494;5/5/1995;COM;Venta de abarrrotes;486;;;0;SI;1;265;0;127114000;226666;;0;SANTA ANA, CENTRO, DE LA MUNICIPALIDAD 200 SUR.;;1-351678-1979;Juridica;SANTA ANA;SANTA ANA;480113.67;1098120.46;9.93102;-84.18136
12115;PREDIO ORDINARIO;126169000;;0;37;ABASTECEDOR EL CENTRO;12673;15/3/2001;COM;Venta de abarrrotes;37;;;0;SI;1;0;0;126169000;499156;;7;SANTA ANA, CENTRO, DE LA MUNICIPALIDAD 250 OESTE.;;1-552034-1999;Fisica;SANTA ANA;SANTA ANA;479903.6;1098328.83;9.9329;-84.18328
31162;PREDIO ORDINARIO;405026000;COMERCIAL;0;502;FRUTICA;205905;4/10/2005;COM;Venta de abarrrotes;502;;;0;NO;1;218;402;405026000;582467;;0;URUCA, COSTADO OESTE DE LA INTERSECCION DE RUTA NACIONAL 121 CON CALLE 26.;;1-340909-1979;Juridica;URUCA;SANTA ANA;478803.95;1098523.82;9.93466;-84.19331
6309;PREDIO ORDINARIO;537202000;;0;42;EL PERICO;2023;11/11/1997;COM;Venta de abarrrotes;42;5/1/2022 00:00;;0;SI;1;0;534;537202000;256567;;15;DE LA INTERSECCION RUTA NACIONAL 311 CON CALLE 11, 239 MTS. NOR-ESTE.;;1-296407-1978;Fisica;SALITRAL;SANTA ANA;480349.78;1096863.57;9.91965;-84.1792
30708;PREDIO ORDINARIO;170198000;;0;594;ABASTECEDOR LA FUENTE;10545;23/10/2006;COM;Venta de abarrrotes;594;;NL;0;SI;1;85;543;170198000;187365;;0;SALITRAL, DE LA GUARDIA RURAL 445 SUR.;;1-31328-1977;Fisica;SALITRAL;SANTA ANA;480979.62;1095251.25;9.90508;-84.17345
682;CONJUNTO HABITACIONAL CONSOLIDADO EL TRIUNFO;522121000;HABITACIONAL;0;141;LA ALAMEDA;113918;4/10/1987;COM;Venta de abarrrotes;141;;;0;SI;1;0;748;522121000;360544;;11;PIEDADES, CIUDADELA EL TRIUNFO, LOTE # 46;;1-799761-1989;Fisica;PIEDADES;SANTA ANA;476405.19;1097607.72;9.92636;-84.21518
4183;PREDIO ORDINARIO;527064000;;0;180;PULPERIA LA POPULAR;12462;6/2/1996;COM;Venta de abarrrotes;180;;;0;SI;1;0;748;527064000;145247;;1;PIEDADES, DE ENTRADA A CALLE CEBADILLA 500 SUR.;;1-736410-2001;Fisica;PIEDADES;SANTA ANA;477933.88;1097547.47;9.92583;-84.20124
5826;PREDIO ORDINARIO;538116000;;0;377;PULPERIA CORRALES;6608;2/9/1997;COM;Venta de abarrrotes;377;;;0;SI;1;0;748;538116000;56000;;1;DE LA INTERSECCION DE RUTA NACIONAL 311 CNON AVENIDA 46, 07 MTS. AL SUR.;;NO SE INDICA;Fisica;SALITRAL;SANTA ANA;480381.97;1095941.23;9.91131;-84.1789
10093;PREDIO ORDINARIO;309074000;;0;586;SUPER LOREN;3576;15/9/1999;COM;Venta de abarrrotes;586;;;0;NO;1;187;0;309074000;297829;;2;POZOS, FRENTE ANTIGUO BAR JENNY (SUPER LOREN);;1-455895-1981;Fisica;POZOS;SANTA ANA;479200.58;1101462.07;9.96123;-84.1897
11507;PREDIO ORDINARIO;114200000;;0;267;PULPERIA IRIS;17030;6/3/2000;COM;Venta de abarrrotes;267;;;0;NO;1;0;748;114200000;450478;;1;POZOS, ALTO DE LAS PALOMAS, DE LA ENTRADA A BARRIO LOS FONSECA 95 NORTE.;;1-763280-1988;Fisica;POZOS;SANTA ANA;482035.39;1098640.4;9.93573;-84.16384
11975;PREDIO ORDINARIO;126026000;;0;111;LA MIA;101777;25/7/2000;COM;Venta de abarrrotes;111;;;0;SI;1;0;748;126026000;173983;;2;SANTA ANA, CENTRO, DE LA GUARIA 300 OESTE Y 200 NORTE.;;1-312035-1978;Fisica;SANTA ANA;SANTA ANA;479908.61;1098635.69;9.93568;-84.18323
13154;PREDIO ORDINARIO;175030000;;0;144;PULPERIA LA CRUZADA;2318;29/10/2002;COM;Venta de abarrrotes;144;;;0;NO;1;0;748;175030000;56976;;6;ENTRE LA INTERSECCION DE CALLE 05 CON CALLE 07. VER OBSERVACIONES.;;NO SE INDICA;Fisica;SALITRAL;SANTA ANA;480939.46;1094280.96;9.89631;-84.17381
22307;URBANIZACION ASEINTEX;310170000;HABITACIONAL;0;415;EL ROBLE;205162;25/5/2004;COM;Venta de abarrrotes;415;;;0;NO;1;0;748;310170000;366622;;1;POZOS, URBANIZACION ASEINTEX, LOTE # 17.;;1-795416-1989;Fisica;POZOS;SANTA ANA;479278.25;1100808.48;9.95532;-84.18899
12600;URBANIZACION SANTA ANA;103080000;HABITACIONAL;0;293;PULPERIA ROSA;9796;10/7/2006;COM;Venta de abarrrotes;293;;;0;SI;1;0;748;103080000;271778;;2;1ERA ENTRADA AL INVU 100 OESTE Y 85 NORTE.;;1-554110-1984;Fisica;SANTA ANA;SANTA ANA;479617.12;1099081.06;9.9397;-84.18589
30752;PREDIO ORDINARIO;170120000;;0;494;PULPERIA;15884;4/12/2015;COM;Venta de abarrrotes;494;;NL;0;NO;1;0;748;170120000;40082;;104;SALITRAL, MATINILLA;;NO SE INDICA;Fisica;SALITRAL;SANTA ANA;481424.89;1093169.22;9.88626;-84.16938
217;CONDOMINIO SANTA ANA DOS MIL;325235000;COMERCIAL;0;370;MEGA SUPER;18800;25/10/2005;COM;Venta de abarrrotes;370;;;0;NO;1;232;0;325235000;14118;;0;POZOS, CENTRO COMERCIAL SANTA ANA 2000, LOCAL # 31.;F;1-116193-1993;Juridica;POZOS;SANTA ANA;478951.74;1099451.58;9.94305;-84.19196
12815;PREDIO ORDINARIO;128139000;;0;605;VERDULERIA;15558;26/3/2002;COM;Venta de abarrrotes;605;;;0;SI;1;0;1300;128139000;246935;;2;SANTA ANA, 175 OESTE DE LA PULPERIA EL ROBLE.;;1-12745-1976;Fisica;SANTA ANA;SANTA ANA;479622.81;1098204.97;9.93178;-84.18584
21291;PREDIO ORDINARIO;124154000;;0;266;VIDEO SANTA ANA;101821;10/3/2004;COM;Venta de abarrrotes;266;;;0;SI;1;0;1311;124154000;78985;;0;SANTA ANA, CENTRO, DE RICESA 100 ESTE.;;1-332378-1979;Fisica;SANTA ANA;SANTA ANA;480216.19;1098113.91;9.93096;-84.18042
11478;PREDIO ORDINARIO;319020000;;0;131;GRUPO MOTORES BRITANICOS;100661;29/2/2000;COM;Venta de autos;131;;;0;SI;1;0;1067;319020000;440294;;0;POZOS, DE LA ENTRADA AL CONDOMINIO VILLA REAL 675 ESTE.;;1-222126-1994;Juridica;POZOS;SANTA ANA;481049.43;1099531.82;9.94378;-84.17283
33090;PREDIO ORDINARIO;312130000;;0;712;AUTOS CHAVA;109782;4/4/2004;COM;Venta de autos;712;;;0;SI;1;0;1067;312130000;239033;;0;POZOS, DEL DEPOSITO DE MATERIALES EL LAGAR 100 NORTE.;;1-20307-1975;Fisica;POZOS;SANTA ANA;478879.39;1100212.86;9.94993;-84.19263
3066;PREDIO ORDINARIO;503071000;;0;281;SUPER PIEDADES;2940;14/6/1994;COM;Venta de licores;281;;;0;SI;1;8;490;503071000;85449;;2;PIEDADES, COSTADO OESTE DEL SUPER PIEDADES.;;1-571124-1985;Fisica;PIEDADES;SANTA ANA;476027.67;1097827.97;9.92835;-84.21862
5732;PREDIO ORDINARIO;542030000;;0;78;MINISUPER LA ESQUINA;19715;5/8/1997;COM;Venta de licores;CS-ARS-SA-285-15;5/5/2016 00:00;;0;NO;1;477;487;542030000;141196;;0;FRENTE A LA GUARDIA RURAL.;;1-460065-1981;Fisica;SALITRAL;SANTA ANA;480489.55;1095702.06;9.90915;-84.17792
2571;PREDIO ORDINARIO;537109000;;0;93;PELUQUERIA CANINA BIANKA;101775;24/3/1994;COM;Veterinaria;93;;;0;NO;1;0;713;537109000;516997;;0;DE LA INTERSECCION DE RUTA NACIONAL 311 CON AVENIDA 24, 150 MTS. AL OESTE.;;1-397450-1980;Fisica;SALITRAL;SANTA ANA;480045.54;1097000.22;9.92089;-84.18197
29317;PREDIO ORDINARIO;121074000;;0;302;VETERINARIA EL PUEBLO;101836;12/1/2005;COM;Veterinaria;302;15/4/2022 00:00;;0;SI;1;0;1306;121074000;217125;;0;DE LA INTERSECCION DE RUTA NACIONAL 121 CON AVENIDA 02, 205 MTS. AL ESTE.;;1-17172-1972;Fisica;SANTA ANA;SANTA ANA;480582.65;1097978.74;9.92974;-84.17708
